date_time, altidute_km, x_km, y_km, z_km
2020-10-26 22:25:43.464179497, 553.3572800936442, 4678.444919315505, -4899.0000653319075, -1464.3339366045266
2020-10-26 22:25:45.314179499, 553.3832540316832, 4683.078063568622, -4891.339088126223, -1475.1498983957565
2020-10-26 22:25:47.164179501, 553.4093020809682, 4687.691992635228, -4883.657991267222, -1485.959828262083
2020-10-26 22:25:49.52179503, 553.4359613130111, 4692.380863295349, -4875.798409445017, -1496.9855346302134
2020-10-26 22:25:50.903179504, 553.4621724966291, 4696.9583771730495, -4868.072576995956, -1507.7889756765614
2020-10-26 22:25:52.754179506, 553.4884570852103, 4701.516597854543, -4860.326698707951, -1518.586243598663
2020-10-26 22:25:54.605179508, 553.5148148156145, 4706.055506542743, -4852.560806405751, -1529.3772938365717
2020-10-26 22:25:56.456179510, 553.5412454234315, 4710.575084522961, -4844.774931992995, -1540.1620818617996
2020-10-26 22:25:58.307179512, 553.5677486429156, 4715.0753131605115, -4836.969107456161, -1550.940563171716
2020-10-26 22:26:1.179514, 553.606437012133, 4721.588055302587, -4825.576936382072, -1566.6107057749837
2020-10-26 22:26:2.851179515, 553.6331173501007, 4726.040704924905, -4817.722272670008, -1577.3735162339128
2020-10-26 22:26:4.702179517, 553.6598693716389, 4730.4739414427395, -4809.847769975588, -1588.1298664328556
2020-10-26 22:26:6.554179519, 553.6867073157837, 4734.890125872917, -4801.949190421026, -1598.8855178027238
2020-10-26 22:26:8.406179521, 553.7136164758847, 4739.286839691038, -4794.030815324704, -1609.6346130608024
2020-10-26 22:26:10.258179523, 553.740596577403, 4743.664064751257, -4786.092677257769, -1620.3771078037337
2020-10-26 22:26:12.110179525, 553.7676473445101, 4748.021782988441, -4778.134808873455, -1631.112957655381
2020-10-26 22:26:13.962179526, 553.7947685000811, 4752.359976415926, -4770.157242911239, -1641.8421182612756
2020-10-26 22:26:15.814179528, 553.821959765766, 4756.678627134959, -4762.160012179461, -1652.5645453119644
2020-10-26 22:26:17.666179530, 553.8492208618957, 4760.977717320721, -4754.143149581004, -1663.2801945084725
2020-10-26 22:26:19.518179532, 553.876551507539, 4765.257229231762, -4746.106688095969, -1673.9890215856144
2020-10-26 22:26:21.370179534, 553.9039514205165, 4769.517145207741, -4738.050660785848, -1684.6909823063982
2020-10-26 22:26:23.223179536, 553.9314351679848, 4773.759731948411, -4729.970735069551, -1695.3918054526202
2020-10-26 22:26:25.76179538, 553.9589876886857, 4777.982666461988, -4721.871288849273, -1706.0856663174175
2020-10-26 22:26:26.929179539, 553.9866086961981, 4782.185931301485, -4713.752355488197, -1716.7725206722396
2020-10-26 22:26:28.782179541, 554.0142979028769, 4786.369509108249, -4705.613968417385, -1727.452324334792
2020-10-26 22:26:30.635179543, 554.0420550197944, 4790.533382598496, -4697.45616116184, -1738.125033134714
2020-10-26 22:26:32.488179545, 554.0698797567954, 4794.677534572428, -4689.278967322915, -1748.7906029367732
2020-10-26 22:26:34.341179547, 554.0977718224899, 4798.801947912028, -4681.082420582541, -1759.448989635296
2020-10-26 22:26:36.194179549, 554.1257309242465, 4802.9066055811445, -4672.866554703055, -1770.1001491543616
2020-10-26 22:26:38.47179551, 554.1537567682128, 4806.9914906255635, -4664.631403527087, -1780.7440374479813
2020-10-26 22:26:39.901179552, 554.1818642376224, 4811.058774616581, -4656.372541174992, -1791.386348702233
2020-10-26 22:26:41.755179554, 554.2100379291292, 4815.106230930411, -4648.094440718374, -1802.0212927664222
2020-10-26 22:26:43.609179556, 554.2382775447265, 4819.1338428298795, -4639.797136299537, -1812.6488256086145
2020-10-26 22:26:45.463179558, 554.2665827852004, 4823.141593662379, -4631.480662136265, -1823.2689032332735
2020-10-26 22:26:47.317179560, 554.2949533501221, 4827.129466857786, -4623.145052526024, -1833.8814816758502
2020-10-26 22:26:49.209179562, 554.3239724379507, 4831.178566346146, -4614.618902301903, -1844.70380098986
2020-10-26 22:26:51.63179564, 554.3524740690314, 4835.126226625494, -4606.244734575752, -1855.3010933350652
2020-10-26 22:26:52.917179565, 554.381040109821, 4839.053959717016, -4597.851535485273, -1865.8907538873486
2020-10-26 22:26:54.772179567, 554.4096857147138, 4842.963851764155, -4589.434797195878, -1876.4784443916988
2020-10-26 22:26:56.627179569, 554.4383951863301, 4846.853762686712, -4580.999076407776, -1887.0584071107667
2020-10-26 22:26:58.482179571, 554.4671682165597, 4850.723676386519, -4572.544407951768, -1897.630598199265
2020-10-26 22:27:1.179573, 554.5063262236947, 4855.944721195872, -4561.037682599406, -1911.9689084813112
2020-10-26 22:27:2.855179574, 554.5352478616608, 4859.767429963671, -4552.538484973482, -1922.5226052982923
2020-10-26 22:27:4.710179576, 554.5642320151778, 4863.570088070941, -4544.02045719263, -1933.0683835209525
2020-10-26 22:27:6.565179578, 554.5932783710039, 4867.3526797800805, -4535.483634434925, -1943.606199440308
2020-10-26 22:27:8.420179580, 554.6223866147559, 4871.115189439012, -4526.928051951994, -1954.1360093863009
2020-10-26 22:27:10.276179582, 554.6515721724031, 4874.859613529031, -4518.349117762398, -1964.6634396513448
2020-10-26 22:27:12.132179584, 554.680819051626, 4878.583902815632, -4509.751474448926, -1975.1827679510614
2020-10-26 22:27:13.988179585, 554.7101269340455, 4882.288041870483, -4501.135157559166, -1985.693950639614
2020-10-26 22:27:15.844179587, 554.7394955001951, 4885.972015355064, -4492.5002027046185, -1996.1969441220238
2020-10-26 22:27:17.700179589, 554.7689244294111, 4889.635808008782, -4483.846645588324, -2006.6917048204436
2020-10-26 22:27:19.556179591, 554.7984133999253, 4893.279404657012, -4475.174521986214, -2017.178189196945
2020-10-26 22:27:21.412179593, 554.827962088815, 4896.902790209163, -4466.483867751533, -2027.6563537480783
2020-10-26 22:27:23.268179595, 554.8575701720526, 4900.505949658741, -4457.774718814767, -2038.1261550049992
2020-10-26 22:27:25.125179597, 554.8872533247995, 4904.0907930766825, -4449.0424038397105, -2048.5931837871835
2020-10-26 22:27:26.982179598, 554.9169952835916, 4907.655358788408, -4440.291646421377, -2059.051753304961
2020-10-26 22:27:28.839179600, 554.9467957205441, 4911.199632020142, -4431.522482770016, -2069.5018201357134
2020-10-26 22:27:30.696179602, 554.9766543066155, 4914.723598076863, -4422.734949186771, -2079.9433408753516
2020-10-26 22:27:32.553179604, 555.0065707116814, 4918.22724235007, -4413.929082044671, -2090.3762721610665
2020-10-26 22:27:34.410179606, 555.0365446045196, 4921.710550315914, -4405.104917793192, -2100.8005706658623
2020-10-26 22:27:36.267179608, 555.0665756528008, 4925.173507535242, -4396.262492958083, -2111.216193098746
2020-10-26 22:27:38.124179610, 555.0966635231209, 4928.616099653687, -4387.4018441412245, -2121.6230962049235
2020-10-26 22:27:39.982179611, 555.1268241289515, 4932.0401497788735, -4378.51822185275, -2132.026833821452
2020-10-26 22:27:41.840179613, 555.1570409470798, 4935.443784373304, -4369.616429475639, -2142.4217562068875
2020-10-26 22:27:43.698179615, 555.187313640299, 4938.826989312698, -4360.696503903611, -2152.8078201407484
2020-10-26 22:27:45.556179617, 555.2176418703436, 4942.189750559807, -4351.758482101279, -2163.1849824451547
2020-10-26 22:27:47.414179619, 555.2480252978826, 4945.532054162612, -4342.802401108817, -2173.553199979351
2020-10-26 22:27:49.310179621, 555.279086679385, 4948.921610972078, -4333.644570994647, -2184.124203537755
2020-10-26 22:27:51.168179623, 555.3095805910725, 4952.222538661138, -4324.65211560351, -2194.474217108276
2020-10-26 22:27:53.26179625, 555.3401286689013, 4955.502967082721, -4315.641713357098, -2204.8151558316936
2020-10-26 22:27:54.885179626, 555.3707470540646, 4958.764631630205, -4306.608537630986, -2215.1525349720396
2020-10-26 22:27:56.744179628, 555.4014189746042, 4962.005747671756, -4297.557470580775, -2225.480743443392
2020-10-26 22:27:58.603179630, 555.4321440843064, 4965.226301746413, -4288.48854976335, -2235.799738257851
2020-10-26 22:28:1.179632, 555.4718390741323, 4969.348522811097, -4276.76876599536, -2249.091411462565
2020-10-26 22:28:2.859179633, 555.5026846461051, 4972.521952040359, -4267.6591125154755, -2259.3891508612146
2020-10-26 22:28:4.718179635, 555.5335822611971, 4975.674775637453, -4258.531729312506, -2269.6775354949978
2020-10-26 22:28:6.577179637, 555.564531568805, 4978.806980509993, -4249.38665426213, -2279.9565225425476
2020-10-26 22:28:8.437179639, 555.5955489070516, 4981.920221887565, -4240.218991716772, -2290.231590910874
2020-10-26 22:28:10.297179641, 555.6266172882811, 4985.01279639408, -4231.033694350405, -2300.497165951341
2020-10-26 22:28:12.157179643, 555.6577363583117, 4988.084691176558, -4221.830800316521, -2310.7532048976655
2020-10-26 22:28:14.17179645, 555.688905761961, 4991.135893468425, -4212.610347842127, -2320.9996650235385
2020-10-26 22:28:15.877179646, 555.7201251430522, 4994.166390587955, -4203.372375232604, -2331.2365036372585
2020-10-26 22:28:17.737179648, 555.751394144462, 4997.176169944806, -4194.116920851653, -2341.4636781039057
2020-10-26 22:28:19.597179650, 555.7827124080422, 5000.165219030303, -4184.844023150957, -2351.681145812508
2020-10-26 22:28:21.457179652, 555.8140795746838, 5003.133525424044, -4175.55372065005, -2361.8888641983435
2020-10-26 22:28:23.318179654, 555.8455121874681, 5006.082655912796, -4166.241043154418, -2372.092270852369
2020-10-26 22:28:25.179179656, 555.8769930338253, 5009.010996786046, -4156.911019499872, -2382.2858325764723
2020-10-26 22:28:27.40179658, 555.9085217511727, 5011.918535863977, -4147.563688486268, -2392.469506860466
2020-10-26 22:28:28.901179659, 555.9400979759532, 5014.805261052229, -4138.199088990916, -2402.643251230137
2020-10-26 22:28:30.762179661, 555.9717213437091, 5017.671160348149, -4128.817259948222, -2412.807023269332
2020-10-26 22:28:32.623179663, 556.0033914889918, 5020.516221831538, -4119.41824037974, -2422.9607805873366
2020-10-26 22:28:34.484179665, 556.03510804543, 5023.34043367088, -4110.002069373961, -2433.1044808408287
2020-10-26 22:28:36.346179667, 556.0668877255275, 5026.145284879686, -4100.563712565559, -2443.2435242512342
2020-10-26 22:28:38.208179669, 556.0987131301486, 5028.9292405987835, -4091.108264379654, -2453.3724151126057
2020-10-26 22:28:40.70179671, 556.1305838895462, 5031.692289239817, -4081.6357641828913, -2463.4911111406273
2020-10-26 22:28:41.932179672, 556.1624996330361, 5034.434419300523, -4072.1462514183063, -2473.5995700884405
2020-10-26 22:28:43.794179674, 556.1944599890699, 5037.1556193706165, -4062.6397655848773, -2483.6977497684547
2020-10-26 22:28:45.656179676, 556.2264645851496, 5039.855878123029, -4053.116346267909, -2493.7856080199385
2020-10-26 22:28:47.518179678, 556.2585130478851, 5042.535184319827, -4043.5760331185215, -2503.8631027309034
2020-10-26 22:28:49.419179680, 556.2912776383807, 5045.248982156607, -4033.8185089690237, -2514.1409376715155
2020-10-26 22:28:51.282179682, 556.3234308801354, 5047.887320983776, -4024.239029164832, -2524.202757919324
2020-10-26 22:28:53.145179684, 556.3556269008616, 5050.504651285892, -4014.6427577405566, -2534.2540763802135
2020-10-26 22:28:55.8179686, 556.3878653229999, 5053.100962160528, -4005.029734695075, -2544.294851050652
2020-10-26 22:28:56.871179687, 556.4201457680963, 5055.676242792005, -3995.400000102473, -2554.32503996619
2020-10-26 22:28:58.734179689, 556.4524678568816, 5058.2304824569, -3985.753594091387, -2564.3446012229806
2020-10-26 22:29:1.179691, 556.4918373686928, 5061.308873616544, -3973.9980862304924, -2576.517186348857
2020-10-26 22:29:2.864179692, 556.5242678060297, 5063.817782346366, -3964.309672397594, -2586.518406728653
2020-10-26 22:29:4.728179694, 556.5567387044746, 5066.305593572536, -3954.604698977224, -2596.5088533636476
2020-10-26 22:29:6.592179696, 556.5892496804806, 5068.772296922963, -3944.8832064720514, -2606.4884844562175
2020-10-26 22:29:8.456179698, 556.6218003496963, 5071.2178821155, -3935.145235448706, -2616.457258259747
2020-10-26 22:29:10.320179700, 556.6543903269298, 5073.642338956538, -3925.390826543056, -2626.4151330731625
2020-10-26 22:29:12.184179702, 556.6870192261508, 5076.045657341125, -3915.620020459754, -2636.3620672413817
2020-10-26 22:29:14.48179704, 556.7196866605261, 5078.427827252987, -3905.832857972231, -2646.2980191553474
2020-10-26 22:29:15.913179705, 556.7524097984549, 5080.790099720015, -3896.024116179591, -2656.2282688130836
2020-10-26 22:29:17.778179707, 556.7851707357399, 5083.1311812251515, -3886.1990822850757, -2666.1474412444895
2020-10-26 22:29:19.643179709, 556.8179690824586, 5085.451062001471, -3876.357797338551, -2676.0554949076677
2020-10-26 22:29:21.508179711, 556.8508044479061, 5087.749732372336, -3866.500302452849, -2685.9523883128613
2020-10-26 22:29:23.373179713, 556.8836764405905, 5090.027182750184, -3856.6266388087647, -2695.8380800173945
2020-10-26 22:29:25.238179715, 556.9165846682258, 5092.28340363655, -3846.7368476549377, -2705.7125286257788
2020-10-26 22:29:27.103179717, 556.9495287377445, 5094.518385622099, -3836.830970307677, -2715.575692789897
2020-10-26 22:29:28.969179718, 556.9825259481158, 5096.733300672834, -3826.903723794124, -2725.4328106456173
2020-10-26 22:29:30.835179720, 557.0155582493151, 5098.926935465631, -3816.9604567725505, -2735.2785492937855
2020-10-26 22:29:32.701179722, 557.048625245324, 5101.099280842982, -3807.0012108333317, -2745.112867457961
2020-10-26 22:29:34.567179724, 557.0817265393591, 5103.2503277380365, -3797.0260276286463, -2754.9357239151027
2020-10-26 22:29:36.433179726, 557.1148617338981, 5105.380067173477, -3787.034948877526, -2764.7470774906133
2020-10-26 22:29:38.299179728, 557.1480304306629, 5107.48849026152, -3777.0280163658226, -2774.546887058326
2020-10-26 22:29:40.165179730, 557.1812322306432, 5109.575588203995, -3767.005271945859, -2784.3351115408714
2020-10-26 22:29:42.32179732, 557.2144845533428, 5111.642453625984, -3756.9613736190668, -2794.1169461201
2020-10-26 22:29:43.899179733, 557.2477692134196, 5113.687953688025, -3746.9017304536546, -2803.8871010706685
2020-10-26 22:29:45.766179735, 557.2810858090709, 5115.712079849463, -3736.826384557481, -2813.6455354070117
2020-10-26 22:29:47.633179737, 557.3144339377061, 5117.714823656283, -3726.7353781204774, -2823.392208177402
2020-10-26 22:29:49.539179739, 557.3485107886395, 5119.7373373383825, -3716.4174685964754, -2833.3303052862616
2020-10-26 22:29:51.406179741, 557.3819214102264, 5121.696844343217, -3706.2949429778832, -2843.053084452394
2020-10-26 22:29:53.273179743, 557.4153623443938, 5123.634944004528, -3696.1568846523774, -2852.7639786600384
2020-10-26 22:29:55.141179745, 557.4488511212965, 5125.552649103325, -3685.997893495095, -2862.468138908966
2020-10-26 22:29:57.9179747, 557.4823694307042, 5127.448907806646, -3675.823438062273, -2872.1603199142482
2020-10-26 22:29:58.877179748, 557.5159168651817, 5129.323712190026, -3665.633561005899, -2881.8404809605795
2020-10-26 22:30:1.179750, 557.5540786899649, 5131.428388199129, -3654.033998634137, -2892.8274324560653
2020-10-26 22:30:2.868179751, 557.5876869822939, 5133.25732909252, -3643.811316309195, -2902.48177658747
2020-10-26 22:30:4.736179753, 557.6213231175252, 5135.064791402146, -3633.573346530784, -2912.1239734131436
2020-10-26 22:30:6.604179755, 557.6549866854718, 5136.850767577461, -3623.320132217921, -2921.7539824291644
2020-10-26 22:30:8.473179757, 557.688695318127, 5138.616188985701, -3613.046215274159, -2931.3769086111706
2020-10-26 22:30:10.342179759, 557.7224305895029, 5140.360086401585, -3602.7571236041604, -2940.987552980085
2020-10-26 22:30:12.211179761, 557.7561920868325, 5142.082452535426, -3592.4529003825105, -2950.585875127463
2020-10-26 22:30:14.80179763, 557.7899793967306, 5143.7832801883105, -3582.1335888473764, -2960.171834697119
2020-10-26 22:30:15.949179764, 557.8237921051616, 5145.462562251192, -3571.799232306047, -2969.745391379968
2020-10-26 22:30:17.818179766, 557.8576297975274, 5147.120291708541, -3561.4498741124075, -2979.3065049348984
2020-10-26 22:30:19.687179768, 557.8914920585546, 5148.756461632939, -3551.085557700133, -2988.8551351580018
2020-10-26 22:30:21.557179770, 557.9253966095591, 5150.37192330131, -3540.700769215108, -2998.3963407949723
2020-10-26 22:30:23.427179772, 557.959324922108, 5151.965788761401, -3530.301093661831, -3007.924969392125
2020-10-26 22:30:25.297179774, 557.9932765784772, 5153.538051348779, -3519.886574726638, -3017.440980845567
2020-10-26 22:30:27.167179776, 558.027251160368, 5155.088704490139, -3509.4572561584455, -3026.9443351048058
2020-10-26 22:30:29.37179778, 558.0612482488916, 5156.617741703338, -3499.0131817684883, -3036.4349921729595
2020-10-26 22:30:30.907179779, 558.0952674245627, 5158.125156596627, -3488.554395435626, -3045.91291210198
2020-10-26 22:30:32.778179781, 558.1293264767783, 5159.611731622733, -3478.0753363901053, -3055.383113161366
2020-10-26 22:30:34.649179783, 558.1634067980406, 5161.07664867316, -3467.5816377070905, -3064.8404836298355
2020-10-26 22:30:36.520179785, 558.1975079665287, 5162.519901620916, -3457.073343515943, -3074.2849836629416
2020-10-26 22:30:38.391179787, 558.2316295598721, 5163.941484430514, -3446.5504980074384, -3083.716573470901
2020-10-26 22:30:40.262179789, 558.2657711551478, 5165.341391157942, -3436.013145433736, -3093.135213318626
2020-10-26 22:30:42.133179791, 558.2999323289002, 5166.719615950737, -3425.4613301080376, -3102.5408635260296
2020-10-26 22:30:44.4179793, 558.3341126571443, 5168.076153047975, -3414.8950964045534, -3111.9334844680566
2020-10-26 22:30:45.876179794, 558.3683299987806, 5169.411704416903, -3404.308829873593, -3121.318046191038
2020-10-26 22:30:47.748179796, 558.402565664735, 5170.725533639723, -3393.7082185918266, -3130.6894855326327
2020-10-26 22:30:49.659179798, 558.4375330319551, 5172.044322920103, -3382.87201146209, -3140.2425868365212
2020-10-26 22:30:51.531179800, 558.471804426792, 5173.314238627946, -3372.2425481197947, -3149.5873874474146
2020-10-26 22:30:53.403179802, 558.506092856853, 5174.562415870214, -3361.5988750278875, -3158.9189464534184
2020-10-26 22:30:55.275179804, 558.5403978944137, 5175.788849429513, -3350.941036995242, -3168.2372245019233
2020-10-26 22:30:57.147179806, 558.5747191112646, 5176.993534180342, -3340.269078890461, -3177.5421822966987
2020-10-26 22:30:59.20179808, 558.6090744252494, 5178.177091182354, -3329.5773335371377, -3186.838740481612
2020-10-26 22:31:1.179809, 558.6454090439497, 5179.404577740797, -3318.2595237513938, -3196.6518036493294
2020-10-26 22:31:2.873179810, 558.6797954413823, 5180.543321028705, -3307.5389348473186, -3205.9207269344906
2020-10-26 22:31:4.746179812, 558.7141962907094, 5181.660272386056, -3296.8043936908603, -3215.1761566547325
2020-10-26 22:31:6.619179814, 558.7486111606568, 5182.755427144439, -3286.055945527909, -3224.4180537341567
2020-10-26 22:31:8.492179816, 558.7830396195293, 5183.82878072827, -3275.2936356572136, -3233.6463791594065
2020-10-26 22:31:10.366179818, 558.8174996271032, 5184.880884253652, -3264.5117523495824, -3242.866010094836
2020-10-26 22:31:12.240179820, 558.8519723722577, 5185.911154432554, -3253.7160834226725, -3252.071976922869
2020-10-26 22:31:14.114179822, 558.8864574213051, 5186.91958695928, -3242.906674423015, -3261.2642407414755
2020-10-26 22:31:15.988179823, 558.9209543401244, 5187.9061776200815, -3232.0835709609373, -3270.4427627020336
2020-10-26 22:31:17.862179825, 558.9554626942224, 5188.870922295247, -3221.2468186872243, -3279.6075040290957
2020-10-26 22:31:19.736179827, 558.9899820486687, 5189.813816955997, -3210.396463327585, -3288.7584259911764
2020-10-26 22:31:21.610179829, 559.024511968139, 5190.73485766658, -3199.532550659439, -3297.8954899204346
2020-10-26 22:31:23.485179831, 559.0590704507258, 5191.63451456826, -3188.6493185300747, -3307.023521777074
2020-10-26 22:31:25.360179833, 559.0936386366338, 5192.512286586241, -3177.7526064681556, -3316.13760354566
2020-10-26 22:31:27.235179835, 559.1282160886828, 5193.368170056607, -3166.842460495748, -3325.237696674179
2020-10-26 22:31:29.110179837, 559.1628023693222, 5194.202161408193, -3155.918926691742, -3334.3237626701357
2020-10-26 22:31:30.985179838, 559.1973970406141, 5195.01425716219, -3144.9820511973267, -3343.395763096018
2020-10-26 22:31:32.860179840, 559.2319996643246, 5195.804453933866, -3134.0318801926023, -3352.453659588687
2020-10-26 22:31:34.736179842, 559.2666282624721, 5196.573152342754, -3123.062609247023, -3361.5022333860884
2020-10-26 22:31:36.612179844, 559.3012639427322, 5197.319921902344, -3112.0801212865463, -3370.536611529897
2020-10-26 22:31:38.488179846, 559.3359062650954, 5198.044759500572, -3101.0844627450774, -3379.5567557668855
2020-10-26 22:31:40.364179848, 559.3705547892082, 5198.747662118392, -3090.0756801121197, -3388.562627904569
2020-10-26 22:31:42.240179850, 559.4052090744026, 5199.428626829809, -3079.053819932701, -3397.554189811269
2020-10-26 22:31:44.116179852, 559.4398686796949, 5200.087650801879, -3068.0189288071133, -3406.531403416328
2020-10-26 22:31:45.992179853, 559.474533163763, 5200.724731294372, -3056.971053396641, -3415.4942307054584
2020-10-26 22:31:47.869179855, 559.5092205663748, 5201.340187705168, -3045.9043410022814, -3424.4473998244953
2020-10-26 22:31:49.785179857, 559.5446328198441, 5201.945770322797, -3034.5943770817667, -3433.5716642280295
2020-10-26 22:31:51.662179859, 559.579327847382, 5202.516823486321, -3023.5016358510425, -3442.4955382833873
2020-10-26 22:31:53.539179861, 559.6140259789311, 5203.065899678981, -3012.3960849022637, -3451.404858256109
2020-10-26 22:31:55.416179863, 559.6487267710386, 5203.592996624796, -3001.2777712394663, -3460.2995863860374
2020-10-26 22:31:57.293179865, 559.6834297799539, 5204.098112141071, -2990.146741920633, -3469.179684975294
2020-10-26 22:31:59.171179867, 559.7181530515702, 5204.581495674768, -2978.997103716721, -3478.049835664576
2020-10-26 22:32:1.9179868, 559.7521380339865, 5205.033272733139, -2968.072710171655, -3486.7168055315897
2020-10-26 22:32:2.887179869, 559.7868635056434, 5205.473105297982, -2956.8981172677713, -3495.557792488788
2020-10-26 22:32:4.765179871, 559.8215894258688, 5205.890925234344, -2945.7109831849702, -3504.383984730272
2020-10-26 22:32:6.643179873, 559.8563153489554, 5206.2867308213545, -2934.5113553287006, -3513.195344806147
2020-10-26 22:32:8.521179875, 559.8910408289807, 5206.660520431919, -2923.299281151322, -3521.9918353345915
2020-10-26 22:32:10.399179877, 559.9257654198118, 5207.01229253249, -2912.074808157864, -3530.7734189973044
2020-10-26 22:32:12.278179879, 559.9605071641379, 5207.342215404766, -2900.8319972246463, -3539.5447226243336
2020-10-26 22:32:14.157179881, 559.9952471242116, 5207.650094522865, -2889.576869561598, -3548.3010289615727
2020-10-26 22:32:16.36179883, 560.0299848525494, 5207.9359286319595, -2878.3094729067343, -3557.042300822905
2020-10-26 22:32:17.915179884, 560.0647199014675, 5208.199716570837, -2867.029855056056, -3565.7685010818614
2020-10-26 22:32:19.794179886, 560.0994518231403, 5208.441457272465, -2855.7380638392992, -3574.4795926903134
2020-10-26 22:32:21.673179888, 560.1341801695053, 5208.661149763132, -2844.4341471557536, -3583.1755386507984
2020-10-26 22:32:23.553179890, 560.16892297142, 5208.858892477947, -2833.112127393806, -3591.8609178712213
2020-10-26 22:32:25.433179892, 560.2036612964362, 5209.03456183953, -2821.7780653234313, -3600.531061429048
2020-10-26 22:32:27.313179894, 560.2383946953075, 5209.1881571545755, -2810.4320090681454, -3609.185932467438
2020-10-26 22:32:29.193179896, 560.2731227186152, 5209.319677823724, -2799.074006802219, -3617.8254941949403
2020-10-26 22:32:31.73179898, 560.3078449168195, 5209.4291233415925, -2787.7041067506184, -3626.44970988559
2020-10-26 22:32:32.953179899, 560.342560840204, 5209.516493296711, -2776.322357194696, -3635.0585428745476
2020-10-26 22:32:34.833179901, 560.3772700389911, 5209.581787371699, -2764.928806447897, -3643.651956576516
2020-10-26 22:32:36.714179903, 560.411990519747, 5209.625022456818, -2753.517433122148, -3652.234473082739
2020-10-26 22:32:38.595179905, 560.4467033675269, 5209.646157817047, -2742.094342983464, -3660.801480801628
2020-10-26 22:32:40.476179907, 560.4814081314385, 5209.645193416798, -2730.659584584151, -3669.352943279089
2020-10-26 22:32:42.357179909, 560.5161043604901, 5209.622129314633, -2719.213206526011, -3677.8888241275963
2020-10-26 22:32:44.238179911, 560.5507916035938, 5209.576965663259, -2707.7552574600927, -3686.4090870263826
2020-10-26 22:32:46.119179913, 560.5854694095701, 5209.509702709527, -2696.2857860865442, -3694.9136957215333
2020-10-26 22:32:48.1179915, 560.6201557550307, 5209.420287409461, -2684.7987344725266, -3703.4071228283638
2020-10-26 22:32:49.922179916, 560.655550214821, 5209.306204773598, -2673.061846384654, -3712.0603198690937
2020-10-26 22:32:51.804179918, 560.6902151776017, 5209.172087536665, -2661.551734452054, -3720.521896984352
2020-10-26 22:32:53.686179920, 560.7248688757588, 5209.015849439555, -2650.0302845452898, -3728.967657946331
2020-10-26 22:32:55.568179922, 560.7595108570486, 5208.837491203038, -2638.4975456857082, -3737.397566782162
2020-10-26 22:32:57.450179924, 560.7941406692016, 5208.637013642213, -2626.9535669426173, -3745.8115875868893
2020-10-26 22:32:59.333179926, 560.8287762502919, 5208.4142935109285, -2615.392254632041, -3754.214142610162
2020-10-26 22:33:1.175179927, 560.8626450239344, 5208.174999795371, -2604.0718834964573, -3762.4182840189023
2020-10-26 22:33:3.58179929, 560.897254275689, 5207.908480976687, -2592.488554891039, -3770.78919907455
2020-10-26 22:33:4.941179930, 560.9318495431278, 5207.619823504206, -2580.8941704253193, -3779.144066836396
2020-10-26 22:33:6.824179932, 560.9664303731672, 5207.309028664341, -2569.2887794702388, -3787.482851692342
2020-10-26 22:33:8.707179934, 561.0009963126613, 5206.976097838429, -2557.67243146196, -3795.805518085954
2020-10-26 22:33:10.590179936, 561.035546908483, 5206.621032502115, -2546.0451758768772, -3804.112030534478
2020-10-26 22:33:12.474179938, 561.0701000435529, 5206.2436280279035, -2534.4008787386265, -3812.4067520376975
2020-10-26 22:33:14.358179940, 561.1046369112398, 5205.844068766202, -2522.7457616584265, -3820.6852315821384
2020-10-26 22:33:16.242179942, 561.1391570577582, 5205.422356478868, -2511.0798743301466, -3828.947433837173
2020-10-26 22:33:18.126179944, 561.1736600293439, 5204.978493022364, -2499.403266493307, -3837.1933235421416
2020-10-26 22:33:20.10179946, 561.2081453722792, 5204.512480347772, -2487.7159879330247, -3845.422865506403
2020-10-26 22:33:21.894179947, 561.2426126328862, 5204.024320501044, -2476.0180884859215, -3853.6360246051872
2020-10-26 22:33:23.779179949, 561.2770796374534, 5203.513738879591, -2464.3034005298578, -3861.837112143334
2020-10-26 22:33:25.664179951, 561.3115276321273, 5202.980990949664, -2452.5781803312816, -3870.021729301661
2020-10-26 22:33:27.549179953, 561.345956162698, 5202.426079044448, -2440.8424779349475, -3878.1898411156662
2020-10-26 22:33:29.434179955, 561.3803647750315, 5201.849005591879, -2429.0963434300334, -3886.341412691874
2020-10-26 22:33:31.319179957, 561.4147530150758, 5201.249773114632, -2417.3398269501654, -3894.4764092078353
2020-10-26 22:33:33.204179959, 561.4491204288765, 5200.628384230098, -2405.5729786729194, -3902.5947959124574
2020-10-26 22:33:35.89179961, 561.4834665625642, 5199.984841650381, -2393.7958488199406, -3910.696538125918
2020-10-26 22:33:36.975179962, 561.5178091657556, 5199.3187891514335, -2382.0022317143394, -3918.7858859612275
2020-10-26 22:33:38.861179964, 561.5521295576625, 5198.630565161372, -2370.198422822423, -3926.8585024086133
2020-10-26 22:33:40.747179966, 561.5864272840195, 5197.920172681528, -2358.384472582602, -3934.91435294426
2020-10-26 22:33:42.633179968, 561.6207018907062, 5197.187614807731, -2346.560431470168, -3942.9534031207754
2020-10-26 22:33:44.519179970, 561.6549529237343, 5196.432894730646, -2334.7263500033228, -3950.975618563031
2020-10-26 22:33:46.405179972, 561.6891799292569, 5195.656015735741, -2322.882278742898, -3958.980964968369
2020-10-26 22:33:48.292179974, 561.7234005819525, 5194.856551660859, -2311.0219803994482, -3966.973639270832
2020-10-26 22:33:50.218179976, 561.7583027538994, 5194.017696734697, -2298.9063490079093, -3975.114019062922
2020-10-26 22:33:52.105179978, 561.792472499545, 5193.173426913506, -2287.026100414161, -3983.0723969147684
2020-10-26 22:33:53.992179979, 561.8266163663172, 5192.306988857821, -2275.136055448922, -3991.0137504463373
2020-10-26 22:33:55.879179981, 561.8607339005018, 5191.418386334127, -2263.236264952303, -3998.9380456753097
2020-10-26 22:33:57.766179983, 561.8948246485056, 5190.5076232051715, -2251.3267798247607, -4006.845248680187
2020-10-26 22:33:59.653179985, 561.9288881569653, 5189.574703428156, -2239.4076510017117, -4014.735325617273
2020-10-26 22:34:1.500179986, 561.962202783131, 5188.640106149382, -2227.7318897149835, -4022.4415334774076
2020-10-26 22:34:3.388179988, 561.9962290693456, 5187.662831286687, -2215.7874992056177, -4030.301780559768
2020-10-26 22:34:5.276179990, 562.030226736143, 5186.66338865139, -2203.833606933662, -4038.1447829175418
2020-10-26 22:34:7.164179992, 562.0641953302757, 5185.641782584981, -2191.8702640776646, -4045.9705069479974
2020-10-26 22:34:9.52179994, 562.0981343986998, 5184.598017523922, -2179.897521856401, -4053.7789191228367
2020-10-26 22:34:10.940179995, 562.1320434886047, 5183.532098000212, -2167.915431534978, -4061.5699859842675
2020-10-26 22:34:12.829179997, 562.1659400835297, 5182.443446462935, -2155.9176905746363, -4069.3477869704493
2020-10-26 22:34:14.718179999, 562.1998057621247, 5181.3326263476, -2143.9106943751644, -4077.1081574969166
2020-10-26 22:34:16.607180001, 562.2336400716204, 5180.199642478102, -2131.8944943956335, -4084.851064281925
2020-10-26 22:34:18.496180003, 562.2674425595176, 5179.044499773416, -2119.8691421343833, -4092.576474119015
2020-10-26 22:34:20.385180005, 562.3012127735819, 5177.867203247551, -2107.834689128671, -4100.2843538772295
2020-10-26 22:34:22.274180007, 562.3349502618596, 5176.667758009544, -2095.791186954555, -4107.97467050118
2020-10-26 22:34:24.163180009, 562.3686545726832, 5175.446169263417, -2083.7386872265815, -4115.64739101126
2020-10-26 22:34:26.53180011, 562.4023430703, 5174.2017780412825, -2071.6708541418693, -4123.306530286415
2020-10-26 22:34:27.943180012, 562.4359974516656, 5172.93523056796, -2059.594117461516, -4130.9479889902605
2020-10-26 22:34:29.833180014, 562.4696172653335, 5171.646532339753, -2047.5085289836652, -4138.571734327424
2020-10-26 22:34:31.723180016, 562.5032020601241, 5170.335688950063, -2035.4141405633704, -4146.177733566859
2020-10-26 22:34:33.613180018, 562.5367513851907, 5169.002706086698, -2023.3110040868676, -4153.765954058113
2020-10-26 22:34:35.503180020, 562.5702647900132, 5167.647589532482, -2011.1991714774974, -4161.336363227571
2020-10-26 22:34:37.394180022, 562.6037595274322, 5166.269610608581, -1999.0722794662422, -4168.892919915944
2020-10-26 22:34:39.285180024, 562.6372174053879, 5164.869486432147, -1986.936786212711, -4176.431581427214
2020-10-26 22:34:41.176180026, 562.6706379736818, 5163.447223080664, -1974.7927438334498, -4183.952315367466
2020-10-26 22:34:43.67180028, 562.7040207824782, 5162.002826726734, -1962.6402044813362, -4191.455089420312
2020-10-26 22:34:44.958180029, 562.737365382291, 5160.536303638843, -1950.4792203519908, -4198.939871342948
2020-10-26 22:34:46.849180031, 562.7706713240575, 5159.047660178188, -1938.3098436576295, -4206.406628982231
2020-10-26 22:34:48.780180033, 562.8046414210999, 5157.504707224899, -1925.8744438024405, -4214.012696112202
2020-10-26 22:34:50.672180035, 562.8378854197128, 5155.970558221636, -1913.6818175718315, -4221.446850508367
2020-10-26 22:34:52.564180037, 562.8710893632433, 5154.4142852692485, -1901.4809480951367, -4228.862864739813
2020-10-26 22:34:54.456180039, 562.9042528034565, 5152.835895123212, -1889.2718878229637, -4236.2607069089645
2020-10-26 22:34:56.348180041, 562.9373752925292, 5151.235394634117, -1877.0546892409, -4243.640345196795
2020-10-26 22:34:58.240180043, 562.9704563830499, 5149.612790747613, -1864.8294048691776, -4251.001747863019
2020-10-26 22:35:1.180045, 563.0186390424949, 5147.20615314188, -1846.9810881664525, -4261.707599923105
2020-10-26 22:35:2.893180046, 563.0516338621778, 5145.5283399765085, -1834.729672164799, -4269.027893038208
2020-10-26 22:35:4.786180048, 563.0845856935262, 5143.828424827702, -1822.4703439576, -4276.329821948252
2020-10-26 22:35:6.679180050, 563.1174940903518, 5142.10641507725, -1810.203156307034, -4283.613355211979
2020-10-26 22:35:8.572180052, 563.1503586069466, 5140.362318201154, -1797.9281620023626, -4290.878461471605
2020-10-26 22:35:10.465180054, 563.183178798067, 5138.596141770467, -1785.6454138660567, -4298.125109449132
2020-10-26 22:35:12.358180056, 563.2159542189347, 5136.80789345126, -1773.3549647537811, -4305.353267946374
2020-10-26 22:35:14.251180058, 563.2486844252537, 5134.997581004576, -1761.0568675539016, -4312.562905845228
2020-10-26 22:35:16.145180060, 563.2813862270737, 5133.164238488187, -1748.744672559752, -4319.757785977319
2020-10-26 22:35:18.39180062, 563.3140418782623, 5131.308824354708, -1736.424927409757, -4326.934063860869
2020-10-26 22:35:19.933180063, 563.3466509352806, 5129.431346663735, -1724.0976851800247, -4334.091708565899
2020-10-26 22:35:21.827180065, 563.3792129551471, 5127.531813566904, -1711.7629989590507, -4341.230689254512
2020-10-26 22:35:23.721180067, 563.4117274953471, 5125.6102333138215, -1699.4209218866536, -4348.350975158277
2020-10-26 22:35:25.615180069, 563.4441941139016, 5123.6666142480535, -1687.0715071275954, -4355.45253559356
2020-10-26 22:35:27.509180071, 563.4766123693571, 5121.700964808081, -1674.7148078779844, -4362.535339957793
2020-10-26 22:35:29.404180073, 563.5089988983691, 5119.712238255282, -1662.3443475179124, -4369.603082444228
2020-10-26 22:35:31.299180075, 563.5413361307542, 5117.701475243074, -1649.9667015988084, -4376.651988006894
2020-10-26 22:35:33.194180077, 563.5736236259959, 5115.66868450834, -1637.5819234936853, -4383.682026239294
2020-10-26 22:35:35.89180079, 563.6058609441357, 5113.613874882922, -1625.1900666060242, -4390.6931668167035
2020-10-26 22:35:36.984180080, 563.6380476457646, 5111.53705529467, -1612.7911843760235, -4397.685379492642
2020-10-26 22:35:38.879180082, 563.6701832920944, 5109.438234763008, -1600.3853302541684, -4404.658634113768
2020-10-26 22:35:40.775180084, 563.7022843621392, 5107.316297439243, -1587.9660056476955, -4411.616565377414
2020-10-26 22:35:42.671180086, 563.7343334459147, 5105.172354298967, -1575.5398089532403, -4418.555458414702
2020-10-26 22:35:44.567180088, 563.7663301056577, 5103.006414662964, -1563.1067938077604, -4425.475283264483
2020-10-26 22:35:46.463180090, 563.7982739042197, 5100.818487946928, -1550.6670138773354, -4432.376010048339
2020-10-26 22:35:48.359180092, 563.830164405048, 5098.6085836614075, -1538.2205228568896, -4439.257608970706
2020-10-26 22:35:50.295180094, 563.8626722520362, 5096.32938895118, -1525.504578503723, -4446.264620999905
2020-10-26 22:35:52.191180096, 563.8944537027392, 5094.075095288153, -1513.0446877646027, -4453.107470032913
2020-10-26 22:35:54.88180098, 563.9261972596996, 5091.797647024712, -1500.5716714812324, -4459.934695579893
2020-10-26 22:35:55.985180099, 563.9578857114802, 5089.498237249897, -1488.0921534889578, -4466.742653966629
2020-10-26 22:35:57.882180101, 563.9895186240483, 5087.176875963325, -1475.606187696234, -4473.531315776238
2020-10-26 22:35:59.779180103, 564.021095563955, 5084.833573262992, -1463.1138280586847, -4480.3006516648975
2020-10-26 22:36:1.635180104, 564.0519354421874, 5082.519691122418, -1450.8853305219948, -4486.9049493905095
2020-10-26 22:36:3.532180106, 564.083400372152, 5080.133009933294, -1438.380480436662, -4493.635965015536
2020-10-26 22:36:5.429180108, 564.1148080424819, 5077.724417963697, -1425.869397348451, -4500.347567830664
2020-10-26 22:36:7.327180110, 564.1461745332117, 5075.292638684059, -1413.3455352424082, -4507.043251458221
2020-10-26 22:36:9.225180112, 564.1774828419505, 5072.838946586597, -1400.8155418417614, -4513.719443800386
2020-10-26 22:36:11.123180114, 564.208732538636, 5070.363352350717, -1388.2794713408266, -4520.376115974886
2020-10-26 22:36:13.21180116, 564.2399231938953, 5067.865866750466, -1375.7373779598565, -4527.013239184268
2020-10-26 22:36:14.919180117, 564.2710543790747, 5065.34650065584, -1363.1893159514457, -4533.630784712559
2020-10-26 22:36:16.817180119, 564.3021256662503, 5062.805265027372, -1350.6353395738201, -4540.22872393929
2020-10-26 22:36:18.715180121, 564.3331366281927, 5060.2421709240725, -1338.0755031302047, -4546.807028318768
2020-10-26 22:36:20.614180123, 564.3641031290692, 5057.655861812573, -1325.5032389567973, -4553.369119760118
2020-10-26 22:36:22.513180125, 564.3950083877619, 5055.047693615254, -1312.9252173520792, -4559.911498755504
2020-10-26 22:36:24.412180127, 564.4258519785803, 5052.417677690991, -1300.3414927729534, -4566.434136974355
2020-10-26 22:36:26.311180129, 564.4566334765875, 5049.765825493154, -1287.752119700723, -4572.937006171943
2020-10-26 22:36:28.210180131, 564.4873524576053, 5047.092148569546, -1275.1571526407297, -4579.420078189535
2020-10-26 22:36:30.109180133, 564.518008498221, 5044.396658562355, -1262.5566461221943, -4585.883324954498
2020-10-26 22:36:32.8180135, 564.5486011757898, 5041.679367208097, -1249.950654697998, -4592.326718480395
2020-10-26 22:36:33.908180136, 564.5791461278488, 5038.938838220317, -1237.3325904443575, -4598.753608197786
2020-10-26 22:36:35.808180138, 564.6096268060674, 5036.176508704265, -1224.7091448197018, -4605.1605679778
2020-10-26 22:36:37.708180140, 564.6400427894689, 5033.392390699628, -1212.0803725393519, -4611.547570046221
2020-10-26 22:36:39.608180142, 564.6703936578983, 5030.586496338951, -1199.4463283346447, -4617.914586719133
2020-10-26 22:36:41.508180144, 564.7006789920076, 5027.7588378490545, -1186.8070669594715, -4624.261590399568
2020-10-26 22:36:43.408180146, 564.7308983732505, 5024.909427550951, -1174.1626431900056, -4630.5885535776515
2020-10-26 22:36:45.308180148, 564.7610513839193, 5022.0382778597905, -1161.513111824357, -4636.895448830777
2020-10-26 22:36:47.208180150, 564.7911376071083, 5019.145401284795, -1148.8585276824087, -4643.182248823661
2020-10-26 22:36:49.149180152, 564.8218036617895, 5016.167677379479, -1135.9257104693343, -4649.583932613735
2020-10-26 22:36:51.50180154, 564.8517693442225, 5013.229365408807, -1123.254412372153, -4655.833307429807
2020-10-26 22:36:52.951180155, 564.8816669127211, 5010.269342095313, -1110.5782221612992, -4662.062483659349
2020-10-26 22:36:54.852180157, 564.9114959531516, 5007.287620343327, -1097.8971948152391, -4668.271434283475
2020-10-26 22:36:56.753180159, 564.9412560522048, 5004.284213155851, -1085.2113853531412, -4674.460132361553
2020-10-26 22:36:58.654180161, 564.970946797454, 5001.25913362825, -1072.520848807766, -4680.628551044491
2020-10-26 22:37:1.180163, 565.0074915519592, 4997.496064984701, -1056.8531839373595, -4688.212922834994
2020-10-26 22:37:2.902180164, 565.0370413868907, 4994.420992898237, -1044.145603227897, -4694.339154617903
2020-10-26 22:37:4.804180166, 565.0665204656273, 4991.324268709375, -1031.4334687880867, -4700.444999336021
2020-10-26 22:37:6.706180168, 565.0959283788266, 4988.2059059335115, -1018.7168358281092, -4706.53043047006
2020-10-26 22:37:8.608180170, 565.125264718064, 4985.065918178256, -1005.995759570671, -4712.595421592924
2020-10-26 22:37:10.510180172, 565.1545290758297, 4981.904319144961, -993.2702952573735, -4718.639946366649
2020-10-26 22:37:12.412180174, 565.1837210455274, 4978.721122628661, -980.5404981485156, -4724.663978542481
2020-10-26 22:37:14.314180176, 565.2128402214896, 4975.516342518039, -967.806423522909, -4730.667491960973
2020-10-26 22:37:16.217180178, 565.2419014509292, 4972.288290831317, -955.0614282597213, -4736.653600763556
2020-10-26 22:37:18.120180180, 565.2708890004574, 4969.038660943503, -942.3122617379933, -4742.619117108361
2020-10-26 22:37:20.23180182, 565.299802466581, 4965.767467046196, -929.5589793777626, -4748.564015063811
2020-10-26 22:37:21.926180183, 565.3286414467354, 4962.47472342628, -916.8016366232629, -4754.488268785197
2020-10-26 22:37:23.829180185, 565.3574055393631, 4959.16044445894, -904.0402889158677, -4760.391852527224
2020-10-26 22:37:25.732180187, 565.3860943438331, 4955.824644618006, -891.2749917341795, -4766.274740625402
2020-10-26 22:37:27.635180189, 565.4147074604869, 4952.46733846892, -878.505800566833, -4772.13690750867
2020-10-26 22:37:29.538180191, 565.4432444906481, 4949.088540670431, -865.7327709190115, -4777.978327696376
2020-10-26 22:37:31.442180193, 565.4717199720767, 4945.68647353428, -852.949243290473, -4783.802029002821
2020-10-26 22:37:33.346180195, 565.5001184915918, 4942.262921791789, -840.1619843514267, -4789.604911047468
2020-10-26 22:37:35.250180197, 565.5284396528616, 4938.817900404856, -827.3710497429549, -4795.3869485817895
2020-10-26 22:37:37.154180199, 565.556683060569, 4935.351424428613, -814.5764951217561, -4801.148116448285
2020-10-26 22:37:39.58180201, 565.5848483203952, 4931.8635090113485, -801.7783761599543, -4806.888389580555
2020-10-26 22:37:40.962180202, 565.6129350390327, 4928.3541693963, -788.9767485515164, -4812.607743000442
2020-10-26 22:37:42.866180204, 565.6409428242357, 4924.823420914187, -776.1716679851496, -4818.306151830125
2020-10-26 22:37:44.771180206, 565.6688859321473, 4921.269407755193, -763.356462159849, -4823.986567608767
2020-10-26 22:37:46.676180208, 565.6967492411986, 4917.693994225074, -750.5379113497621, -4829.6459672296205
2020-10-26 22:37:48.621180210, 565.7251148718617, 4914.021443526184, -737.446811548824, -4835.402491064245
2020-10-26 22:37:50.526180212, 565.7528157188481, 4910.402827736324, -724.6216709908575, -4841.019341937864
2020-10-26 22:37:52.431180214, 565.7804355926755, 4906.7628591005805, -711.7933541627345, -4846.615102473197
2020-10-26 22:37:54.336180216, 565.8079741067629, 4903.101553537247, -698.9619169391739, -4852.1897483004295
2020-10-26 22:37:56.241180218, 565.8354308755952, 4899.418927057331, -686.1274152081032, -4857.743255142007
2020-10-26 22:37:58.146180220, 565.8628055147306, 4895.714995764514, -673.2899048705283, -4863.275598812703
2020-10-26 22:38:1.180222, 565.9036626510726, 4890.126071042066, -654.051717271706, -4871.524294141923
2020-10-26 22:38:2.906180223, 565.9308446835853, 4886.367010029472, -641.200191882367, -4877.006534426087
2020-10-26 22:38:4.812180225, 565.9579431622979, 4882.586678958592, -628.3458506043798, -4882.467505341696
2020-10-26 22:38:6.718180227, 565.9849577070727, 4878.7850943770245, -615.4887494890543, -4887.9071830799885
2020-10-26 22:38:8.624180229, 566.0118879388992, 4874.962272922811, -602.628944592538, -4893.32554392825
2020-10-26 22:38:10.530180231, 566.0387334798911, 4871.11823132639, -589.7664919825153, -4898.72256426694
2020-10-26 22:38:12.436180233, 566.0654939532803, 4867.252986410455, -576.9014477377564, -4904.098220569873
2020-10-26 22:38:14.342180235, 566.0921689834265, 4863.366555089936, -564.0338679480329, -4909.452489404251
2020-10-26 22:38:16.249180237, 566.1187721235158, 4859.456898660828, -551.1570556807787, -4914.788139738921
2020-10-26 22:38:18.156180239, 566.1452889818437, 4855.526067741014, -538.2778175658777, -4920.102333510901
2020-10-26 22:38:20.63180241, 566.171719185614, 4851.5740795487345, -525.39620981281, -4925.395047531868
2020-10-26 22:38:21.970180242, 566.1980623631731, 4847.60095139641, -512.5122886477941, -4930.666258704759
2020-10-26 22:38:23.877180244, 566.224318144071, 4843.606700682253, -499.6261102865979, -4935.915944034863
2020-10-26 22:38:25.784180246, 566.2504861589908, 4839.591344902638, -486.7377309746637, -4941.144080613425
2020-10-26 22:38:27.691180248, 566.2765660397909, 4835.554901643731, -473.8472069599772, -4946.350645628727
2020-10-26 22:38:29.598180250, 566.3025574195138, 4831.497388583473, -460.95459449949755, -4951.535616363463
2020-10-26 22:38:31.506180252, 566.3284734918807, 4827.416679238419, -448.0531875923399, -4956.701672099481
2020-10-26 22:38:33.414180254, 566.3543002390276, 4823.314913666629, -435.1498027361811, -4961.846065691391
2020-10-26 22:38:35.322180256, 566.3800372970061, 4819.192109849242, -422.2444963021045, -4966.968774670436
2020-10-26 22:38:37.230180258, 566.4056843030719, 4815.04828585906, -409.33732466926267, -4972.069776662823
2020-10-26 22:38:39.138180260, 566.4312408956903, 4810.883459860473, -396.4283442246702, -4977.14904938981
2020-10-26 22:38:41.46180262, 566.4567067145447, 4806.697650109352, -383.51761136284813, -4982.206570667841
2020-10-26 22:38:42.954180263, 566.4820814005329, 4802.490874955191, -370.6051824923988, -4987.242318405988
2020-10-26 22:38:44.862180265, 566.5073645958197, 4798.263152832177, -357.69111400863824, -4992.256270616607
2020-10-26 22:38:46.770180267, 566.5325559437591, 4794.014502272384, -344.7754623341208, -4997.248405399532
2020-10-26 22:38:48.720180269, 566.5582065460379, 4789.65072279974, -331.573926739242, -5002.327864149569
2020-10-26 22:38:50.629180271, 566.5832241737619, 4785.3575572853215, -318.6484750529048, -5007.278404839093
2020-10-26 22:38:52.538180273, 566.6081487863631, 4781.04349801112, -305.72160925216093, -5012.207039551958
2020-10-26 22:38:54.447180275, 566.632980031682, 4776.708563902936, -292.79338586646855, -5017.113746741723
2020-10-26 22:38:56.356180277, 566.6577175588368, 4772.35277397756, -279.86386143080153, -5021.998504958101
2020-10-26 22:38:58.265180279, 566.6823610182014, 4767.9761473427625, -266.933092485671, -5026.861292846926
2020-10-26 22:39:1.180281, 566.7175027681308, 4761.669537492854, -248.4052884413709, -5033.789818414375
2020-10-26 22:39:2.909180282, 566.7419159380996, 4757.242302003876, -235.47172810612457, -5038.59907079841
2020-10-26 22:39:4.819180284, 566.7662465634584, 4752.791960626259, -222.53034151712674, -5043.388782213804
2020-10-26 22:39:6.729180286, 566.7904814863698, 4748.320846594922, -209.5879600907404, -5048.156406673628
2020-10-26 22:39:8.639180288, 566.8146203636934, 4743.828979540983, -196.64464048109915, -5052.901923315292
2020-10-26 22:39:10.549180290, 566.8386628535824, 4739.316379186103, -183.70043934607622, -5057.625311373182
2020-10-26 22:39:12.459180292, 566.8626086155184, 4734.783065342415, -170.75541334705835, -5062.326550178764
2020-10-26 22:39:14.369180294, 566.8864573103, 4730.229057912438, -157.80961914873026, -5067.005619160653
2020-10-26 22:39:16.279180296, 566.9102086000458, 4725.654376889005, -144.86311341888535, -5071.662497844677
2020-10-26 22:39:18.189180298, 566.9338621482151, 4721.059042355098, -131.91595282791775, -5076.297165854058
2020-10-26 22:39:20.99180300, 566.957417619605, 4716.443074483878, -118.9681940489666, -5080.909602909369
2020-10-26 22:39:22.10180302, 566.9808869356953, 4711.804060613835, -106.01311441061443, -5085.502186235944
2020-10-26 22:39:23.921180303, 567.004257405018, 4707.144432467154, -93.05754946566354, -5090.0724750026075
2020-10-26 22:39:25.832180305, 567.0275286959081, 4702.464210514074, -80.1015559688034, -5094.620449196169
2020-10-26 22:39:27.743180307, 567.0507004780411, 4697.763415322117, -67.14519069667395, -5099.146088894205
2020-10-26 22:39:29.654180309, 567.0737724224609, 4693.042067546175, -54.18851042037326, -5103.649374274761
2020-10-26 22:39:31.565180311, 567.0967442015873, 4688.300187930912, -41.23157191207409, -5108.130285613999
2020-10-26 22:39:33.476180313, 567.119615489218, 4683.537797310684, -28.27443194485747, -5112.5888032862695
2020-10-26 22:39:35.387180315, 567.1423859605288, 4678.754916609366, -15.317147292252328, -5117.024907764256
2020-10-26 22:39:37.298180317, 567.1650552920946, 4673.951566840342, -2.3597747281721966, -5121.438579619001
2020-10-26 22:39:39.210180319, 567.187634944703, 4669.125239530214, 10.604409402689118, -5125.832091504115
2020-10-26 22:39:41.122180321, 567.21011270817, 4664.278464074632, 23.568567840644853, -5130.203108669617
2020-10-26 22:39:43.34180323, 567.2324882627479, 4659.4112617883, 36.5326437231847, -5134.5516119522135
2020-10-26 22:39:44.946180324, 567.2547612901018, 4654.523654077805, 49.49658018163277, -5138.877582285253
2020-10-26 22:39:46.858180326, 567.2769314733451, 4649.615662431228, 62.46032036859519, -5143.181000707868
2020-10-26 22:39:48.811180328, 567.2994705594303, 4644.581404360428, 75.70178694970024, -5147.553397444117
2020-10-26 22:39:50.723180330, 567.3214318871254, 4639.632273745013, 88.66495673202432, -5151.811170937445
2020-10-26 22:39:52.635180332, 567.3432894218327, 4634.6628246774335, 101.627758441986, -5156.046335817418
2020-10-26 22:39:54.547180334, 567.3650428523865, 4629.673079008601, 114.59013522476131, -5160.258873517522
2020-10-26 22:39:56.459180336, 567.3866918690692, 4624.663058678088, 127.55203022780839, -5164.448765570668
2020-10-26 22:39:58.372180338, 567.4082474040937, 4619.630149523125, 140.52016540206975, -5168.618167188691
2020-10-26 22:40:1.180340, 567.4376880136133, 4612.683132279307, 158.33426770340833, -5174.308892534438
2020-10-26 22:40:2.913180341, 567.458993475623, 4607.602186827901, 171.3008949722472, -5178.424365881879
2020-10-26 22:40:4.826180343, 567.4801930750134, 4602.501042638308, 184.26679097544417, -5182.517090174635
2020-10-26 22:40:6.739180345, 567.5012865094325, 4597.379722163123, 197.2318987802727, -5186.587047450947
2020-10-26 22:40:8.652180347, 567.5222734779852, 4592.238247940573, 210.19616146441768, -5190.634219851243
2020-10-26 22:40:10.565180349, 567.5431536812797, 4587.076642596999, 223.1595221097221, -5194.658589616186
2020-10-26 22:40:12.478180351, 567.5639268214011, 4581.894928846811, 236.12192380218426, -5198.660139086648
2020-10-26 22:40:14.391180353, 567.5845926019223, 4576.6931294924025, 249.0833096322558, -5202.638850703803
2020-10-26 22:40:16.304180355, 567.6051507279241, 4571.471267423994, 262.0436226951939, -5206.594707009243
2020-10-26 22:40:18.218180357, 567.6256115677985, 4566.226620235745, 275.0095800584495, -5210.529740585187
2020-10-26 22:40:20.132180359, 567.6459640544552, 4560.96193545672, 287.9743495896536, -5214.441860287879
2020-10-26 22:40:22.46180361, 567.6662078970305, 4555.677236276518, 300.9378743104312, -5218.331048933655
2020-10-26 22:40:23.960180362, 567.6863428061596, 4550.372545975083, 313.90009724148456, -5222.197289437764
2020-10-26 22:40:25.874180364, 567.7063684940409, 4545.047887911592, 326.8609614297793, -5226.040564822467
2020-10-26 22:40:27.788180366, 567.7262846743539, 4539.7032855409425, 339.82040990819854, -5229.860858204984
2020-10-26 22:40:29.702180368, 567.746091062341, 4534.338762402613, 352.77838572283474, -5233.658152805671
2020-10-26 22:40:31.616180370, 567.7657873747658, 4528.954342123241, 365.7348319266143, -5237.432431946089
2020-10-26 22:40:33.530180372, 567.7853733299338, 4523.550048416592, 378.68969157939523, -5241.1836790490315
2020-10-26 22:40:35.444180374, 567.8048486476976, 4518.125905083434, 391.6429077482584, -5244.911877638613
2020-10-26 22:40:37.358180376, 567.8242130494629, 4512.681936011419, 404.59442350780245, -5248.617011340353
2020-10-26 22:40:39.273180378, 567.8434762882202, 4507.2153053688935, 417.5509472800861, -5252.300981593093
2020-10-26 22:40:41.188180380, 567.8626279417946, 4501.728876363951, 430.5056548895864, -5255.96183036358
2020-10-26 22:40:43.103180382, 567.8816677358387, 4496.222673182203, 443.45848934563367, -5259.5995415568095
2020-10-26 22:40:45.18180384, 567.9005953975724, 4490.696720095947, 456.4093936659591, -5263.214099179629
2020-10-26 22:40:46.933180385, 567.9194106557806, 4485.15104146691, 469.35831087029726, -5266.805487338968
2020-10-26 22:40:48.889180387, 567.9385124277724, 4479.466292156254, 482.58235277730523, -5270.449831567298
2020-10-26 22:40:50.804180389, 567.9570996506837, 4473.880814850087, 495.5270792801589, -5273.994336638807
2020-10-26 22:40:52.719180391, 567.9755736602668, 4468.2756861208445, 508.4696465891472, -5277.515624854912
2020-10-26 22:40:54.634180393, 567.9939341916981, 4462.650930674275, 521.4099977683954, -5281.0136807350555
2020-10-26 22:40:56.549180395, 568.0121809817483, 4457.006573302102, 534.3480758920567, -5284.488488900967
2020-10-26 22:40:58.464180397, 568.0303137687805, 4451.342638881914, 547.2838240445363, -5287.940034076719
2020-10-26 22:41:1.180399, 568.0541507978445, 4443.811906030679, 564.410719398876, -5292.4750255105755
2020-10-26 22:41:2.916180400, 568.0720269078543, 4438.099579146816, 577.3475835760815, -5295.874210510011
2020-10-26 22:41:4.832180402, 568.0897880365663, 4432.367738176915, 590.2819260006352, -5299.250058114049
2020-10-26 22:41:6.748180404, 568.1074339289064, 4426.616408411299, 603.2136897081361, -5302.602553465115
2020-10-26 22:41:8.664180406, 568.1249643314511, 4420.845615222776, 616.1428177525539, -5305.931681810325
2020-10-26 22:41:10.580180408, 568.1423789923944, 4415.0553840695575, 629.0692531995691, -5309.237428499723
2020-10-26 22:41:12.496180410, 568.1596776615767, 4409.245740495025, 641.9929391270957, -5312.519778986422
2020-10-26 22:41:14.412180412, 568.1768600904636, 4403.416710127742, 654.9138186252542, -5315.778718826581
2020-10-26 22:41:16.328180414, 568.193926032173, 4397.56831868128, 667.8318347967573, -5319.014233679517
2020-10-26 22:41:18.244180416, 568.210875241466, 4391.700591954078, 680.7469307572192, -5322.226309307769
2020-10-26 22:41:20.160180418, 568.2277074747523, 4385.813555829418, 693.6590496351845, -5325.414931577109
2020-10-26 22:41:22.76180420, 568.2444224901076, 4379.907236275206, 706.5681345726439, -5328.580086456675
2020-10-26 22:41:23.993180421, 568.2610286791321, 4373.978561642471, 719.4808638065286, -5331.723393588381
2020-10-26 22:41:25.910180423, 568.277517048327, 4368.030635700619, 732.3904421152212, -5334.8431810416
2020-10-26 22:41:27.827180425, 568.2938873603659, 4362.063484715098, 745.2968125864312, -5337.939435072741
2020-10-26 22:41:29.744180427, 568.3101393796017, 4356.07713503271, 758.1999183288208, -5341.012142043603
2020-10-26 22:41:31.661180429, 568.3262728720703, 4350.071613084503, 771.0997024656893, -5344.06128841984
2020-10-26 22:41:33.578180431, 568.3422876054865, 4344.046945385689, 783.9961081351572, -5347.08686077099
2020-10-26 22:41:35.495180433, 568.3581833492391, 4338.003158535497, 796.8890784904358, -5350.088845770538
2020-10-26 22:41:37.412180435, 568.3739598744246, 4331.940279217075, 809.7785567000957, -5353.067230195992
2020-10-26 22:41:39.329180437, 568.3896169538202, 4325.8583341974245, 822.664485948155, -5356.022000928885
2020-10-26 22:41:41.246180439, 568.4051543618931, 4319.7573503271415, 835.5468094346231, -5358.953144954901
2020-10-26 22:41:43.163180441, 568.4205718748232, 4313.637354540439, 848.4254703754956, -5361.860649363885
2020-10-26 22:41:45.80180443, 568.4358692704794, 4307.49837385494, 861.300412003134, -5364.744501349907
2020-10-26 22:41:46.997180444, 568.4510463284415, 4301.340435374856, 874.1715775596631, -5367.604688209824
2020-10-26 22:41:48.956180446, 568.4664313551947, 4295.028024097191, 887.3207803831592, -5370.503077931747
2020-10-26 22:41:50.874180448, 568.4813721931721, 4288.828600643073, 900.1908469054899, -5373.316838530121
2020-10-26 22:41:52.792180450, 568.49619191141, 4282.610282109465, 913.0569618209146, -5376.106871512879
2020-10-26 22:41:54.710180452, 568.5108902960496, 4276.373095974252, 925.9190683587377, -5378.873164579161
2020-10-26 22:41:56.628180454, 568.5254671349749, 4270.117069798206, 938.7771097661231, -5381.615705532892
2020-10-26 22:41:58.546180456, 568.5399222177844, 4263.842231224888, 951.631029308285, -5384.334482282784
2020-10-26 22:42:1.180458, 568.5582390043287, 4255.786451579036, 968.0709754625192, -5387.778369426794
2020-10-26 22:42:2.918180459, 568.572415772078, 4249.468834707413, 980.9152874214618, -5390.442932042017
2020-10-26 22:42:4.836180461, 568.5864701059298, 4243.13249667037, 993.7552915926511, -5393.083691538103
2020-10-26 22:42:6.754180463, 568.6004018029319, 4236.777465467545, 1006.5909313148944, -5395.70063627152
2020-10-26 22:42:8.672180465, 568.6142106618819, 4230.403769177416, 1019.4221499530832, -5398.2937547052015
2020-10-26 22:42:10.590180467, 568.627896483328, 4224.011435960474, 1032.2488908917155, -5400.8630354071975
2020-10-26 22:42:12.508180469, 568.6414590695837, 4217.600494059059, 1045.071097535241, -5403.40846705076
2020-10-26 22:42:14.426180471, 568.6548982247077, 4211.170971797276, 1057.8887133081976, -5405.930038414343
2020-10-26 22:42:16.344180473, 568.6682137545286, 4204.722897580819, 1070.7016816555913, -5408.427738381693
2020-10-26 22:42:18.262180475, 568.6814054666372, 4198.25629989695, 1083.5099460429062, -5410.901555941851
2020-10-26 22:42:20.181180477, 568.6944799512004, 4191.767821320824, 1096.3201241504398, -5413.35275128818
2020-10-26 22:42:22.100180479, 568.7074301089019, 4185.260857249874, 1109.1254802383717, -5415.7800175834145
2020-10-26 22:42:24.19180481, 568.7202557523437, 4178.73543646008, 1121.9259577472903, -5418.183344116181
2020-10-26 22:42:25.938180482, 568.732956695913, 4172.191587811991, 1134.7215001328018, -5420.562720279607
2020-10-26 22:42:27.857180484, 568.7455327558017, 4165.62934023691, 1147.5120508925204, -5422.918135576323
2020-10-26 22:42:29.776180486, 568.7579837499555, 4159.048722757323, 1160.2975535260973, -5425.249579611012
2020-10-26 22:42:31.695180488, 568.7703094981257, 4152.449764473052, 1173.0779515623308, -5427.557042095482
2020-10-26 22:42:33.614180490, 568.782509821858, 4145.832494564588, 1185.853188552641, -5429.840512847437
2020-10-26 22:42:35.533180492, 568.7945845444877, 4139.196942292938, 1198.6232080713507, -5432.099981790518
2020-10-26 22:42:37.452180494, 568.8065334911483, 4132.543136999492, 1211.3879537159335, -5434.335438954355
2020-10-26 22:42:39.371180496, 568.8183564887736, 4125.871108105875, 1224.1473691073113, -5436.546874474615
2020-10-26 22:42:41.290180498, 568.8300533661, 4119.180885113903, 1236.9013978899218, -5438.734278593014
2020-10-26 22:42:43.209180500, 568.8416239536791, 4112.472497605316, 1249.649983732252, -5440.897641657412
2020-10-26 22:42:45.128180502, 568.853068083859, 4105.745975241778, 1262.3930703267906, -5443.03695412179
2020-10-26 22:42:47.47180504, 568.8643855908023, 4099.0013477646835, 1275.130601390441, -5445.152206546328
2020-10-26 22:42:49.8180506, 568.8758198160033, 4092.0904318774224, 1288.1411133529925, -5447.288888833905
2020-10-26 22:42:50.927180507, 568.886880805969, 4085.3092891054966, 1300.8672399164896, -5449.355466186982
2020-10-26 22:42:52.846180509, 568.8978146826038, 4078.5101315748047, 1313.5876410252495, -5451.397955620966
2020-10-26 22:42:54.766180511, 568.9086268855575, 4071.6894322213025, 1326.3088846216694, -5453.417393633034
2020-10-26 22:42:56.686180513, 568.9193115270325, 4064.850759611626, 1339.0242843021106, -5455.412700672177
2020-10-26 22:42:58.606180515, 568.9298684519287, 4057.9941440118528, 1351.7337838477677, -5457.383867925222
2020-10-26 22:43:1.180517, 568.9428524818215, 4049.4197131582864, 1367.5725910744286, -5459.807839226139
2020-10-26 22:43:2.920180518, 568.953121887188, 4042.5228927143617, 1380.2686288161035, -5461.724735799703
2020-10-26 22:43:4.840180520, 568.9632630849993, 4035.6082280908163, 1392.9585840755458, -5463.617464708568
2020-10-26 22:43:6.760180522, 568.973275927945, 4028.6757498918414, 1405.6424007399933, -5465.486017591865
2020-10-26 22:43:8.680180524, 568.9831602705636, 4021.725488796411, 1418.3200227305585, -5467.330386196572
2020-10-26 22:43:10.600180526, 568.99291596924, 4014.7574755617766, 1430.991393995779, -5469.150562376543
2020-10-26 22:43:12.520180528, 569.002542882201, 4007.7717410233167, 1443.6564585118947, -5470.946538092532
2020-10-26 22:43:14.440180530, 569.0120408695285, 4000.7683160944416, 1456.3151602830117, -5472.718305412229
2020-10-26 22:43:16.360180532, 569.021409793162, 3993.7472317663737, 1468.9674433415069, -5474.465856510318
2020-10-26 22:43:18.280180534, 569.030649516886, 3986.7085191080955, 1481.613251748106, -5476.189183668474
2020-10-26 22:43:20.200180536, 569.0397599063501, 3979.6522092661594, 1494.2525295922499, -5477.888279275419
2020-10-26 22:43:22.120180538, 569.0487408290643, 3972.578333464607, 1506.885220992209, -5479.563135826946
2020-10-26 22:43:24.40180540, 569.0575921543973, 3965.4869230047475, 1519.5112700954996, -5481.213745925955
2020-10-26 22:43:25.960180541, 569.0663137535718, 3958.378009268784, 1532.130621072427, -5482.840102281638
2020-10-26 22:43:27.880180543, 569.0749054997016, 3951.251623704857, 1544.7432181426584, -5484.442197712893
2020-10-26 22:43:29.800180545, 569.0833672677496, 3944.107797849109, 1557.349005536019, -5486.020025143266
2020-10-26 22:43:31.720180547, 569.0916989345478, 3936.9465633107525, 1569.9479275190117, -5487.573577604374
2020-10-26 22:43:33.640180549, 569.0999003788106, 3929.767951775613, 1582.5399283885488, -5489.102848235104
2020-10-26 22:43:35.560180551, 569.1079714811185, 3922.5719950059756, 1595.1249524721811, -5490.607830281623
2020-10-26 22:43:37.481180553, 569.1159162256662, 3915.354963423481, 1607.7094933235633, -5492.089281957132
2020-10-26 22:43:39.402180555, 569.1237302589461, 3908.1206323704564, 1620.28693872257, -5493.546406538421
2020-10-26 22:43:41.323180557, 569.1314134669925, 3900.8690338878673, 1632.8572330031998, -5494.97919758371
2020-10-26 22:43:43.244180559, 569.1389657377335, 3893.6002000928097, 1645.4203205310152, -5496.387648758836
2020-10-26 22:43:45.165180561, 569.1463869609762, 3886.3141631782805, 1657.976145703537, -5497.771753837286
2020-10-26 22:43:47.86180563, 569.1536770284288, 3879.0109554130854, 1670.5246529504207, -5499.131506700227
2020-10-26 22:43:49.48180565, 569.1609871929838, 3871.5341840621795, 1683.3333720118105, -5500.495137200757
2020-10-26 22:43:50.969180566, 569.1680118266211, 3864.1963669662377, 1695.866917657978, -5501.80564763789
2020-10-26 22:43:52.890180568, 569.1749049887557, 3856.8414769699843, 1708.392977685608, -5503.0917880274565
2020-10-26 22:43:54.811180570, 569.1816665786932, 3849.469546649384, 1720.9114966495551, -5504.353552683177
2020-10-26 22:43:56.732180572, 569.1882964976506, 3842.0806086517364, 1733.4224191444546, -5505.59093602726
2020-10-26 22:43:58.653180574, 569.1947946487375, 3834.674695699202, 1745.9256897986643, -5506.803932589739
2020-10-26 22:44:1.180576, 569.2025548492328, 3825.6034601203332, 1761.1912135550724, -5508.252816436487
2020-10-26 22:44:2.921180577, 569.2087599066065, 3818.159950393249, 1773.677285649149, -5509.411612400912
2020-10-26 22:44:4.842180579, 569.2148328968963, 3810.6995716384195, 1786.1555277460398, -5510.546004694961
2020-10-26 22:44:6.763180581, 569.220773731235, 3803.222356896687, 1798.6258846120568, -5511.655988303497
2020-10-26 22:44:8.684180583, 569.226582322681, 3795.728339279201, 1811.0883010549028, -5512.741558319945
2020-10-26 22:44:10.605180585, 569.2322585861974, 3788.2175519711864, 1823.5427219173182, -5513.802709945683
2020-10-26 22:44:12.526180587, 569.2378024386493, 3780.690028231723, 1835.9890920774374, -5514.839438490065
2020-10-26 22:44:14.447180589, 569.2432137988163, 3773.1458013936463, 1848.427356448977, -5515.851739370444
2020-10-26 22:44:16.368180591, 569.2484925873944, 3765.5849048633927, 1860.8574599814772, -5516.839608112196
2020-10-26 22:44:18.289180593, 569.2536387269911, 3758.0073721208873, 1873.2793476604845, -5517.803040348729
2020-10-26 22:44:20.210180595, 569.2586521421238, 3750.4132367193165, 1885.6929645079238, -5518.742031821506
2020-10-26 22:44:22.131180597, 569.2635327592351, 3742.8025322850162, 1898.0982555822873, -5519.656578380074
2020-10-26 22:44:24.52180599, 569.2682805066787, 3735.1752925174032, 1910.4951659787448, -5520.546675982056
2020-10-26 22:44:25.973180600, 569.2728953147181, 3727.53155119265, 1922.883640823179, -5521.412320692743
2020-10-26 22:44:27.894180602, 569.2773771155602, 3719.8713421477646, 1935.2636252980071, -5522.253508686909
2020-10-26 22:44:29.815180604, 569.2817258433125, 3712.1946993042493, 1947.6350646038013, -5523.070236246093
2020-10-26 22:44:31.736180606, 569.2859414340077, 3704.5016566520144, 1959.9979039853843, -5523.862499760458
2020-10-26 22:44:33.657180608, 569.290023825606, 3696.7922482533004, 1972.352088725476, -5524.630295728334
2020-10-26 22:44:35.578180610, 569.2939729579854, 3689.066508242394, 1984.697564145132, -5525.373620756239
2020-10-26 22:44:37.499180612, 569.2977887729556, 3681.3244708256198, 1997.0342756037703, -5526.092471558892
2020-10-26 22:44:39.420180614, 569.3014712142452, 3673.5661702810644, 2009.3621684995962, -5526.786844959228
2020-10-26 22:44:41.341180616, 569.305020227513, 3665.7916409585014, 2021.6811882697339, -5527.4567378884085
2020-10-26 22:44:43.262180618, 569.3084357603472, 3658.0009172792843, 2033.9912803903926, -5528.102147385835
2020-10-26 22:44:45.183180620, 569.3117177622543, 3650.1940337360265, 2046.292390377361, -5528.723070599163
2020-10-26 22:44:47.104180622, 569.314866184684, 3642.371024892629, 2058.584463785984, -5529.319504784319
2020-10-26 22:44:49.67180624, 569.3179454022949, 3634.360354863964, 2071.135894618737, -5529.903678424179
2020-10-26 22:44:50.989180625, 569.3208250682653, 3626.5007552924994, 2083.4159179328162, -5530.450869517644
2020-10-26 22:44:52.911180627, 569.3235708804876, 3618.625118629947, 2095.6867307840494, -5530.973538437083
2020-10-26 22:44:54.833180629, 569.3261827980965, 3610.7334797836725, 2107.948278798512, -5531.471682870142
2020-10-26 22:44:56.755180631, 569.3286607821833, 3602.8258737275405, 2120.2005076496553, -5531.945300613312
2020-10-26 22:44:58.677180633, 569.3310047957679, 3594.9023355058976, 2132.4433630520316, -5532.394389571631
2020-10-26 22:45:1.180635, 569.3336589939528, 3585.304440490711, 2147.227940712847, -5532.904433144158
2020-10-26 22:45:2.922180636, 569.3357069939474, 3577.345838429295, 2159.449901418298, -5533.29934004098
2020-10-26 22:45:4.844180638, 569.3376209178721, 3569.3714171165907, 2171.662314779965, -5533.669712164252
2020-10-26 22:45:6.766180640, 569.339400736908, 3561.381211895857, 2183.8651266819643, -5534.015547875761
2020-10-26 22:45:8.688180642, 569.3410464241806, 3553.37525817587, 2196.058283057162, -5534.336845646099
2020-10-26 22:45:10.610180644, 569.3425579547421, 3545.353591434843, 2208.241729881134, -5534.633604054458
2020-10-26 22:45:12.532180646, 569.3439353055977, 3537.31624722039, 2220.4154131722444, -5534.905821788638
2020-10-26 22:45:14.454180648, 569.3451784556975, 3529.263261149258, 2232.5792789920492, -5535.153497645055
2020-10-26 22:45:16.376180650, 569.3462873859158, 3521.1946689072206, 2244.7332734454235, -5535.376630528735
2020-10-26 22:45:18.298180652, 569.3472620790861, 3513.110506248915, 2256.877342680857, -5535.575219453336
2020-10-26 22:45:20.220180654, 569.3481025199768, 3505.0108089976916, 2269.011432890638, -5535.749263541141
2020-10-26 22:45:22.142180656, 569.3488086953015, 3496.8956130454517, 2281.1354903111305, -5535.898762023059
2020-10-26 22:45:24.64180658, 569.3493805937115, 3488.7649543524726, 2293.2494612230007, -5536.023714238636
2020-10-26 22:45:25.986180659, 569.3498182081646, 3480.6188689067053, 2305.3532920103216, -5536.124119639989
2020-10-26 22:45:27.908180661, 569.350121524132, 3472.457392930741, 2317.446928860117, -5536.199977772106
2020-10-26 22:45:29.830180663, 569.3502905431648, 3464.2805624588486, 2329.530318376599, -5536.251288312326
2020-10-26 22:45:31.752180665, 569.3503252593366, 3456.0884137681446, 2341.6034069547736, -5536.278051030776
2020-10-26 22:45:33.674180667, 569.350225671015, 3447.8809831584995, 2353.666141100322, -5536.2802658102
2020-10-26 22:45:35.596180669, 569.3499917785174, 3439.658306997249, 2365.7184673646075, -5536.257932641991
2020-10-26 22:45:37.518180671, 569.3496235841027, 3431.420421718971, 2377.7603323449885, -5536.2110516261855
2020-10-26 22:45:39.440180673, 569.3491210919697, 3423.167363825419, 2389.7916826849187, -5536.139622971457
2020-10-26 22:45:41.362180675, 569.3484843082629, 3414.899169885281, 2401.8124650743052, -5536.043646995127
2020-10-26 22:45:43.284180677, 569.3477132410719, 3406.615876534062, 2413.8226262496764, -5535.923124123157
2020-10-26 22:45:45.206180679, 569.3468079004217, 3398.317520473878, 2425.8221129944777, -5535.77805489014
2020-10-26 22:45:47.128180681, 569.3457682982918, 3390.0041384733695, 2437.8108721392086, -5535.6084399393185
2020-10-26 22:45:49.91180683, 569.3445679457934, 3381.4979439928034, 2450.044246319632, -5535.409870839293
2020-10-26 22:45:51.13180685, 569.3432570011589, 3373.1543021254924, 2462.011159261595, -5535.190643253744
2020-10-26 22:45:52.935180686, 569.3418118430205, 3364.795745814655, 2473.9671842431694, -5534.946872553876
2020-10-26 22:45:54.857180688, 569.3402324911702, 3356.4223120859588, 2485.9122682990733, -5534.678559819512
2020-10-26 22:45:56.779180690, 569.3385189673263, 3348.0340380437297, 2497.8463584937044, -5534.38570623945
2020-10-26 22:45:58.701180692, 569.3366712951594, 3339.6309608535207, 2509.769401946106, -5534.068313110993
2020-10-26 22:46:1.180694, 569.3342850396124, 3329.560230114395, 2524.01656510364, -5533.656433576891
2020-10-26 22:46:2.922180695, 569.332142850222, 3321.124773754555, 2535.915162896753, -5533.285153009421
2020-10-26 22:46:4.844180697, 569.3298666011692, 3312.674633466325, 2547.8025452664738, -5532.889337768003
2020-10-26 22:46:6.766180699, 569.3274563242651, 3304.209846692735, 2559.678659531741, -5532.468989605816
2020-10-26 22:46:8.688180701, 569.3249120532569, 3295.730450937077, 2571.543453067415, -5532.024110384429
2020-10-26 22:46:10.610180703, 569.322233823831, 3287.236483767158, 2583.3968732982653, -5531.554702073988
2020-10-26 22:46:12.532180705, 569.3194216736161, 3278.7279828150877, 2595.238867699279, -5531.0607667531995
2020-10-26 22:46:14.454180707, 569.3164756421735, 3270.204985777153, 2607.0693837958243, -5530.5423066093235
2020-10-26 22:46:16.375180709, 569.3133974082259, 3261.6719761307168, 2618.8822228550484, -5529.999612823061
2020-10-26 22:46:18.296180711, 569.3101855171549, 3253.1245609650177, 2630.6834908898436, -5529.432424421157
2020-10-26 22:46:20.217180713, 569.3068400142524, 3244.5627781086937, 2642.4731356597467, -5528.840743912466
2020-10-26 22:46:22.138180715, 569.3033609467594, 3235.9866654537745, 2654.251104975493, -5528.224573914149
2020-10-26 22:46:24.59180717, 569.2997483638204, 3227.396260955509, 2666.0173466992173, -5527.583917151628
2020-10-26 22:46:25.980180718, 569.2960023165396, 3218.7916026366465, 2677.771808738675, -5526.9187764589615
2020-10-26 22:46:27.901180720, 569.2921228579248, 3210.1727285693973, 2689.514439071819, -5526.229154777404
2020-10-26 22:46:29.822180722, 569.2881100429142, 3201.5396769021236, 2701.245185710347, -5525.515055157484
2020-10-26 22:46:31.743180724, 569.2839639283908, 3192.8924858412042, 2712.963996724523, -5524.776480757631
2020-10-26 22:46:33.664180726, 569.279684573146, 3184.2311936554247, 2724.6708202371387, -5524.013434844478
2020-10-26 22:46:35.585180728, 569.2752720379002, 3175.5558386758494, 2736.365604423693, -5523.225920792871
2020-10-26 22:46:37.506180730, 569.2707263852989, 3166.8664592955024, 2748.048297512845, -5522.413942085835
2020-10-26 22:46:39.427180732, 569.2660476799095, 3158.1630939692795, 2759.718847786504, -5521.577502314568
2020-10-26 22:46:41.348180734, 569.2612359882199, 3149.4457812138235, 2771.37720358002, -5520.716605178428
2020-10-26 22:46:43.269180736, 569.2562913786436, 3140.714559607315, 2783.0233132824555, -5519.8312544849205
2020-10-26 22:46:45.190180738, 569.2512139215087, 3131.969467789297, 2794.6571253368274, -5518.921454149669
2020-10-26 22:46:47.111180740, 569.2460036890616, 3123.2105444605013, 2806.2785882403227, -5517.9872081964095
2020-10-26 22:46:49.74180742, 569.2405424578247, 3114.2458713321876, 2818.1413276744292, -5517.007287386513
2020-10-26 22:46:50.995180743, 569.235064000372, 3105.4591010562385, 2829.7376651601994, -5516.023628463004
2020-10-26 22:46:52.916180745, 569.2294529975753, 3096.6586165835115, 2841.3214981980595, -5515.015536736941
2020-10-26 22:46:54.837180747, 569.2237095293866, 3087.8444568637847, 2852.89277549923, -5513.983016667191
2020-10-26 22:46:56.758180749, 569.2178336776732, 3079.016660902558, 2864.4514458363487, -5512.9260728201325
2020-10-26 22:46:58.679180751, 569.2118255262073, 3070.17526776555, 2875.9974580375147, -5511.8447098701445
2020-10-26 22:47:1.180753, 569.2043899604892, 3059.4747935498417, 2889.9306781984055, -5510.505611600294
2020-10-26 22:47:2.921180754, 569.1980899676591, 3050.6035134736703, 2901.448557396946, -5509.370342874485
2020-10-26 22:47:4.842180756, 569.1916579567323, 3041.718761952981, 2912.9536146719747, -5508.210670770443
2020-10-26 22:47:6.763180758, 569.1850940195104, 3032.82057830944, 2924.4457990817546, -5507.02660041739
2020-10-26 22:47:8.684180760, 569.1783982496978, 3023.9090019194723, 2935.925059747121, -5505.818137051869
2020-10-26 22:47:10.605180762, 569.1715707429018, 3014.984072218576, 2947.3913458458833, -5504.585286018281
2020-10-26 22:47:12.526180764, 569.1646115966327, 3006.045828701165, 2958.8446066130173, -5503.32805276888
2020-10-26 22:47:14.447180766, 569.1575209102955, 2997.0943109205195, 2970.2847913407295, -5502.046442863748
2020-10-26 22:47:16.368180768, 569.1502987851978, 2988.129558488423, 2981.7118493789358, -5500.7404619707595
2020-10-26 22:47:18.289180770, 569.1429453245361, 2979.1516110751736, 2993.1257301352284, -5499.410115865572
2020-10-26 22:47:20.210180772, 569.1354606334129, 2970.160508409231, 3004.5263830753534, -5498.055410431591
2020-10-26 22:47:22.131180774, 569.1278448188108, 2961.1562902772316, 3015.9137577231645, -5496.676351659953
2020-10-26 22:47:24.52180776, 569.1200979896083, 2952.138996523639, 3027.287803661084, -5495.272945649489
2020-10-26 22:47:25.973180777, 569.1122202565773, 2943.1086670553846, 3038.648470524275, -5493.84519860746
2020-10-26 22:47:27.894180779, 569.1042117323686, 2934.0653418228994, 3049.995708024486, -5492.39311684655
2020-10-26 22:47:29.815180781, 569.0960725315231, 2925.0090608480364, 3061.3294659149205, -5490.916706789272
2020-10-26 22:47:31.735180783, 569.0878071093331, 2915.9445886392086, 3072.643804659497, -5489.416762515335
2020-10-26 22:47:33.655180785, 569.0794113809446, 2906.8672542744443, 3083.944577651528, -5487.892528416352
2020-10-26 22:47:35.575180787, 569.0708854663553, 2897.777097879297, 3095.2317349068494, -5486.344011226211
2020-10-26 22:47:37.495180789, 569.0622294874344, 2888.674159635854, 3106.505226501224, -5484.771217786073
2020-10-26 22:47:39.415180791, 569.0534435679291, 2879.5584797825645, 3117.7650025705525, -5483.174155044364
2020-10-26 22:47:41.335180793, 569.0445278334416, 2870.4300986141047, 3129.0110133110347, -5481.552830056726
2020-10-26 22:47:43.255180795, 569.035482411467, 2861.2890564812365, 3140.2432089793697, -5479.907249986028
2020-10-26 22:47:45.175180797, 569.0263074313416, 2852.1353937905656, 3151.461539893023, -5478.237422102284
2020-10-26 22:47:47.95180799, 569.017003024284, 2842.9691510043313, 3162.665956430513, -5476.543353782654
2020-10-26 22:47:49.57180801, 569.0073615170842, 2833.5894429300624, 3174.101043737322, -5474.7871938822955
2020-10-26 22:47:50.977180802, 568.9977958334085, 2824.3978886044674, 3185.277175800243, -5473.044137407592
2020-10-26 22:47:52.897180804, 568.9881011306027, 2815.1938767871493, 3196.439243915413, -5471.276863439703
2020-10-26 22:47:54.817180806, 568.9782775473577, 2805.9774481673485, 3207.5871987029154, -5469.485379787265
2020-10-26 22:47:56.737180808, 568.9683252242119, 2796.748643484366, 3218.7209908506643, -5467.669694364996
2020-10-26 22:47:58.657180810, 568.9582443035523, 2787.5075035321142, 3229.8405711088717, -5465.829815194557
2020-10-26 22:48:1.180812, 568.9457684240972, 2776.213773290873, 3243.3906089853904, -5463.551823295063
2020-10-26 22:48:2.920180813, 568.935402495135, 2766.9453913046955, 3254.478458646082, -5461.658255659605
2020-10-26 22:48:4.840180815, 568.9249084397508, 2757.664805782614, 3265.5519382491316, -5459.740520833569
2020-10-26 22:48:6.760180817, 568.914286408123, 2748.3720577519416, 3276.610998804186, -5457.798627290547
2020-10-26 22:48:8.680180819, 568.9035365522725, 2739.0671882888446, 3287.6555913900934, -5455.832583609928
2020-10-26 22:48:10.600180821, 568.8926590260382, 2729.7502385229814, 3298.685667149344, -5453.842398477799
2020-10-26 22:48:12.520180823, 568.8816539851176, 2720.4212496374025, 3309.701177288207, -5451.828080686972
2020-10-26 22:48:14.439180825, 568.8705274182666, 2711.0851310811854, 3320.6963472561265, -5449.790707102585
2020-10-26 22:48:16.358180827, 568.8592737859627, 2701.7370683605845, 3331.6768695039505, -5447.729243873259
2020-10-26 22:48:18.277180829, 568.8478932491263, 2692.377102752964, 3342.6426955065926, -5445.643700097321
2020-10-26 22:48:20.196180831, 568.8363859704967, 2683.005275588134, 3353.593776803596, -5443.5340849793965
2020-10-26 22:48:22.115180833, 568.8247521146271, 2673.6216282483124, 3364.5300649991636, -5441.400407830409
2020-10-26 22:48:24.34180835, 568.8129918478817, 2664.2262021677802, 3375.451511762586, -5439.2426780674905
2020-10-26 22:48:25.953180836, 568.8011053384545, 2654.819038837717, 3386.358068822634, -5437.060905215136
2020-10-26 22:48:27.872180838, 568.7890927563227, 2645.400179786412, 3397.249687990495, -5434.855098900571
2020-10-26 22:48:29.791180840, 568.7769542732844, 2635.969666608398, 3408.1263211259748, -5432.625268860537
2020-10-26 22:48:31.710180842, 568.764690062942, 2626.5275409448104, 3418.9879201603208, -5430.371424936736
2020-10-26 22:48:33.629180844, 568.7523003006972, 2617.0738444879685, 3429.83443709088, -5428.093577076887
2020-10-26 22:48:35.548180846, 568.7397851637515, 2607.6086189812636, 3440.6658239812396, -5425.791735334708
2020-10-26 22:48:37.467180848, 568.7271448310938, 2598.1319062189555, 3451.4820329614467, -5423.465909869856
2020-10-26 22:48:39.386180850, 568.7143794835142, 2588.643748046064, 3462.2830162281566, -5421.116110947915
2020-10-26 22:48:41.305180852, 568.7014893035929, 2579.144186358035, 3473.068726045008, -5418.742348940311
2020-10-26 22:48:43.224180854, 568.6884744756888, 2569.633263100687, 3483.8391147426737, -5416.34463432429
2020-10-26 22:48:45.143180856, 568.6753351859489, 2560.1110202699824, 3494.594134719136, -5413.922977682878
2020-10-26 22:48:47.62180858, 568.6620716222938, 2550.5774999118744, 3505.333738439855, -5411.477389704826
2020-10-26 22:48:49.22180860, 568.6483965909356, 2540.828695325866, 3516.286833774844, -5408.95485849367
2020-10-26 22:48:50.940180861, 568.6348894799962, 2531.277490249115, 3526.9895546332627, -5406.462235438431
2020-10-26 22:48:52.858180863, 568.6212588025015, 2521.7151465736024, 3537.676732271253, -5403.945738876612
2020-10-26 22:48:54.776180865, 568.6075047532131, 2512.141706483264, 3548.348319496104, -5401.405379905531
2020-10-26 22:48:56.694180867, 568.5936275286423, 2502.5572122060116, 3559.0042691890926, -5398.84116972648
2020-10-26 22:48:58.612180869, 568.5796273270587, 2492.961706018516, 3569.644534300104, -5396.253119645992
2020-10-26 22:49:1.180871, 568.5620248497169, 2480.999524365059, 3582.8701719417527, -5392.997574604178
2020-10-26 22:49:2.918180872, 568.5477492902454, 2471.3794501761945, 3593.475053393151, -5390.356044555387
2020-10-26 22:49:4.836180874, 568.5333514092264, 2461.7485015954817, 3604.0640980634093, -5387.690712018215
